x,y,s,kappa
0.7407,2.879,0.0,-0.03913
0.7393,2.7792,0.0998,-0.01469
0.7378,2.6793,0.1997,0.00072
0.7363,2.5795,0.2995,0.01069
0.7348,2.4797,0.3994,0.0165
0.7336,2.3798,0.4992,0.01924
0.7325,2.28,0.5991,0.01978
0.7316,2.1801,0.6989,0.01885
0.7309,2.0803,0.7988,0.01706
0.7304,1.9805,0.8986,0.01465
0.7301,1.8806,0.9984,0.01213
0.7298,1.7808,1.0983,0.00967
0.7297,1.6809,1.1981,0.00741
0.7296,1.5811,1.298,0.00542
0.7296,1.4812,1.3978,0.00375
0.7296,1.3814,1.4977,0.00239
0.7296,1.2815,1.5975,0.00133
0.7297,1.1817,1.6974,0.00055
0.7297,1.0818,1.7972,-1e-05
0.7298,0.982,1.8971,-0.00038
0.7298,0.8822,1.9969,-0.0006
0.7299,0.7823,2.0967,-0.0007
0.7299,0.6825,2.1966,-0.00072
0.7299,0.5826,2.2964,-0.00068
0.73,0.4828,2.3963,-0.00061
0.73,0.3829,2.4961,-0.00052
0.73,0.2831,2.596,-0.00042
0.73,0.1832,2.6958,-0.00032
0.73,0.0834,2.7957,-0.00024
0.73,-0.0164,2.8955,-0.00017
0.73,-0.1163,2.9953,-0.00011
0.73,-0.2161,3.0952,-7e-05
0.73,-0.316,3.195,-5e-05
0.73,-0.4158,3.2949,-5e-05
0.73,-0.5157,3.3947,-7e-05
0.73,-0.6155,3.4946,-0.0001
0.73,-0.7154,3.5944,-0.00016
0.73,-0.8152,3.6943,-0.00024
0.73,-0.915,3.7941,-0.00034
0.73,-1.0149,3.894,-0.00045
0.73,-1.1147,3.9938,-0.00057
0.73,-1.2146,4.0936,-0.0007
0.73,-1.3144,4.1935,-0.00081
0.7299,-1.4143,4.2933,-0.0009
0.7299,-1.5141,4.3932,-0.00094
0.7298,-1.614,4.493,-0.00091
0.7298,-1.7138,4.5929,-0.00076
0.7297,-1.8137,4.6927,-0.00046
0.7296,-1.9135,4.7926,4e-05
0.7296,-2.0133,4.8924,0.00079
0.7295,-2.1132,4.9922,0.00185
0.7294,-2.213,5.0921,0.00326
0.7294,-2.3129,5.1919,0.00508
0.7295,-2.4127,5.2918,0.0073
0.7296,-2.5126,5.3916,0.00993
0.7298,-2.6124,5.4915,0.0129
0.7301,-2.7123,5.5913,0.01609
0.7306,-2.8121,5.6912,0.01929
0.7313,-2.9119,5.791,0.02219
0.7322,-3.0118,5.8908,0.02437
0.7334,-3.1116,5.9907,0.02526
0.7348,-3.2115,6.0905,0.02414
0.7364,-3.3113,6.1904,0.02014
0.7383,-3.4111,6.2902,0.01221
0.7402,-3.5109,6.3901,-0.00084
0.7422,-3.6108,6.4899,-0.02042
0.7439,-3.7106,6.5898,-0.0481
0.7452,-3.8104,6.6896,-0.08571
0.7456,-3.9103,6.7895,-0.1353
0.7447,-4.0101,6.8893,-0.19914
0.7418,-4.1099,6.9891,-0.27944
0.7361,-4.2096,7.089,-0.37774
0.7267,-4.309,7.1888,-0.49346
0.7123,-4.4078,7.2886,-0.6213
0.6919,-4.5055,7.3885,-0.76429
0.6641,-4.6014,7.4883,-0.8926
0.6279,-4.6944,7.5881,-0.87228
0.5837,-4.7839,7.6879,-0.79524
0.5325,-4.8696,7.7877,-0.66592
0.4758,-4.9517,7.8875,-0.51761
0.4149,-5.0308,7.9873,-0.37133
0.3511,-5.1076,8.0872,-0.23725
0.2855,-5.1828,8.187,-0.11878
0.219,-5.2573,8.2869,-0.01648
0.1524,-5.3317,8.3867,0.06945
0.0863,-5.4065,8.4866,0.13767
0.0212,-5.4823,8.5864,0.18508
-0.0424,-5.5592,8.6862,0.20677
-0.1045,-5.6374,8.7861,0.19653
-0.165,-5.7168,8.8859,0.14778
-0.2243,-5.7971,8.9858,0.07421
-0.283,-5.8779,9.0856,-0.00375
-0.3418,-5.9586,9.1855,-0.08836
-0.4012,-6.0388,9.2853,-0.17155
-0.4621,-6.118,9.3851,-0.23675
-0.5247,-6.1957,9.485,-0.28894
-0.5896,-6.2715,9.5848,-0.34616
-0.6571,-6.3451,9.6846,-0.39631
-0.7275,-6.416,9.7845,-0.44577
-0.8009,-6.4836,9.8843,-0.50887
-0.8776,-6.5475,9.9842,-0.57276
-0.9579,-6.6068,10.084,-0.585
-1.0415,-6.6614,10.1838,-0.6209
-1.1284,-6.7106,10.2836,-0.64532
-1.2182,-6.7542,10.3835,-0.68914
-1.3107,-6.7915,10.4832,-0.74883
-1.4058,-6.8217,10.583,-0.81045
-1.503,-6.8442,10.6828,-0.86784
-1.6017,-6.8582,10.7825,-0.9226
-1.7013,-6.863,10.8822,-0.96557
-1.8009,-6.8583,10.9819,-0.98793
-1.8996,-6.8438,11.0816,-0.98832
-1.9963,-6.8196,11.1814,-0.96708
-2.0904,-6.7862,11.2812,-0.93043
-2.1809,-6.7442,11.381,-0.90662
-2.2673,-6.6942,11.4808,-0.92634
-2.3488,-6.6364,11.5807,-0.83583
-2.4251,-6.572,11.6805,-0.82691
-2.4958,-6.5016,11.7803,-0.81473
-2.5605,-6.4257,11.8801,-0.80263
-2.619,-6.3449,11.9798,-0.78753
-2.6709,-6.2597,12.0796,-0.76238
-2.7162,-6.1708,12.1794,-0.74211
-2.7548,-6.0788,12.2791,-0.72736
-2.7867,-5.9842,12.3789,-0.71038
-2.8117,-5.8877,12.4787,-0.68719
-2.8301,-5.7896,12.5785,-0.65185
-2.8421,-5.6905,12.6783,-0.60689
-2.848,-5.5908,12.7781,-0.58196
-2.8482,-5.491,12.878,-0.52944
-2.8431,-5.3913,12.9778,-0.44261
-2.8335,-5.2919,13.0776,-0.38183
-2.8202,-5.1929,13.1775,-0.30487
-2.8039,-5.0944,13.2773,-0.21589
-2.7855,-4.9963,13.3772,-0.12909
-2.7658,-4.8984,13.477,-0.05919
-2.7455,-4.8007,13.5768,-0.02264
-2.725,-4.703,13.6767,-0.03194
-2.7042,-4.6053,13.7765,-0.0858
-2.6826,-4.5078,13.8764,-0.17409
-2.6593,-4.4108,13.9762,-0.28267
-2.6332,-4.3144,14.0761,-0.39169
-2.6034,-4.2191,14.1759,-0.50251
-2.5688,-4.1254,14.2757,-0.5017
-2.5297,-4.0336,14.3756,-0.44323
-2.4864,-3.9436,14.4754,-0.38049
-2.4398,-3.8553,14.5752,-0.2914
-2.3907,-3.7684,14.6751,-0.21414
-2.3397,-3.6826,14.7749,-0.15598
-2.2873,-3.5976,14.8747,-0.11903
-2.234,-3.5132,14.9746,-0.09558
-2.1799,-3.4293,15.0744,-0.05749
-2.1252,-3.3457,15.1743,-0.02368
-2.0704,-3.2623,15.2741,0.0051
-2.0156,-3.1788,15.374,0.018
-1.961,-3.0952,15.4738,0.02295
-1.9066,-3.0115,15.5737,0.03233
-1.8524,-2.9276,15.6735,0.04736
-1.7986,-2.8435,15.7734,0.08323
-1.7456,-2.7589,15.8732,0.12968
-1.6936,-2.6737,15.973,0.17649
-1.6431,-2.5875,16.0729,0.22916
-1.5947,-2.5003,16.1727,0.28157
-1.5487,-2.4116,16.2725,0.33158
-1.5056,-2.3216,16.3724,0.39477
-1.4662,-2.2299,16.4722,0.46041
-1.431,-2.1365,16.572,0.51639
-1.4006,-2.0414,16.6718,0.55762
-1.3756,-1.9448,16.7716,0.57381
-1.3562,-1.8469,16.8714,0.56252
-1.3423,-1.748,16.9713,0.52971
-1.3337,-1.6485,17.0711,0.53005
-1.3303,-1.5488,17.1709,0.452
-1.3314,-1.4489,17.2708,0.39886
-1.3365,-1.3492,17.3706,0.35113
-1.3451,-1.2498,17.4704,0.31711
-1.3568,-1.1506,17.5703,0.2774
-1.3713,-1.0518,17.6701,0.23414
-1.388,-0.9534,17.77,0.18641
-1.4067,-0.8553,17.8698,0.13087
-1.4265,-0.7575,17.9696,0.06865
-1.4471,-0.6598,18.0695,0.00851
-1.4677,-0.5621,18.1693,-0.04312
-1.488,-0.4643,18.2692,-0.08163
-1.5074,-0.3664,18.369,-0.08993
-1.5259,-0.2683,18.4689,-0.06196
-1.5439,-0.17,18.5687,-0.00029
-1.5618,-0.0718,18.6686,0.08629
-1.5806,0.0262,18.7684,0.18499
-1.6011,0.1239,18.8682,0.28068
-1.6245,0.221,18.9681,0.35394
-1.6512,0.3172,19.0679,0.37985
-1.6815,0.4123,19.1677,0.33712
-1.7151,0.5063,19.2676,0.23086
-1.7508,0.5996,19.3674,0.14685
-1.7878,0.6923,19.4673,0.08474
-1.8257,0.7847,19.5671,0.02607
-1.8638,0.877,19.667,-0.01378
-1.9017,0.9693,19.7668,-0.04662
-1.9393,1.0619,19.8667,-0.09052
-1.976,1.1547,19.9665,-0.13719
-2.0114,1.2481,20.0663,-0.17893
-2.0451,1.342,20.1662,-0.20823
-2.0769,1.4367,20.266,-0.23896
-2.1064,1.5321,20.3659,-0.26175
-2.1334,1.6282,20.4657,-0.26167
-2.1579,1.725,20.5655,-0.23922
-2.1801,1.8223,20.6654,-0.21249
-2.2002,1.9201,20.7652,-0.16991
-2.2186,2.0182,20.8651,-0.13207
-2.2358,2.1166,20.9649,-0.10177
-2.2519,2.2151,21.0647,-0.07984
-2.2673,2.3138,21.1646,-0.06648
-2.282,2.4125,21.2644,-0.04435
-2.2963,2.5113,21.3643,-0.05438
-2.31,2.6102,21.4641,-0.0766
-2.323,2.7092,21.564,-0.10786
-2.3349,2.8084,21.6638,-0.12834
-2.3455,2.9076,21.7637,-0.13868
-2.3548,3.0071,21.8635,-0.14512
-2.3626,3.1066,21.9633,-0.15228
-2.3689,3.2062,22.0632,-0.20284
-2.3732,3.306,22.163,-0.26721
-2.3748,3.4058,22.2629,-0.31755
-2.3733,3.5056,22.3627,-0.36541
-2.3681,3.6053,22.4625,-0.4155
-2.3588,3.7047,22.5623,-0.46745
-2.3448,3.8035,22.6622,-0.51992
-2.3258,3.9015,22.762,-0.56481
-2.3013,3.9982,22.8618,-0.60244
-2.271,4.0933,22.9615,-0.63243
-2.2347,4.1863,23.0613,-0.64816
-2.1926,4.2768,23.1611,-0.6508
-2.1446,4.3643,23.2609,-0.64736
-2.0911,4.4485,23.3607,-0.65693
-2.0322,4.5291,23.4606,-0.67708
-1.9679,4.6055,23.5604,-0.68905
-1.8986,4.6773,23.6602,-0.72744
-1.8242,4.7439,23.7601,-0.7352
-1.7452,4.8049,23.8599,-0.72486
-1.6619,4.86,23.9597,-0.75403
-1.5748,4.9086,24.0595,-0.77087
-1.4842,4.9504,24.1593,-0.77152
-1.3906,4.9852,24.2591,-0.75115
-1.2947,5.0128,24.3589,-0.7113
-1.1971,5.0335,24.4586,-0.65554
-1.0984,5.0478,24.5584,-0.60223
-0.9989,5.0562,24.6582,-0.56897
-0.8992,5.0589,24.758,-0.55629
-0.7994,5.056,24.8578,-0.56432
-0.6999,5.0475,24.9577,-0.64562
-0.6012,5.0327,25.0575,-0.66929
-0.5037,5.0113,25.1574,-0.67523
-0.4079,4.9834,25.2572,-0.68337
-0.3142,4.949,25.357,-0.69164
-0.2231,4.9082,25.4567,-0.67668
-0.135,4.8614,25.5565,-0.64536
-0.0501,4.809,25.6563,-0.60706
0.0316,4.7516,25.7561,-0.57576
0.1097,4.6895,25.8559,-0.55975
0.1843,4.6232,25.9557,-0.54661
0.2552,4.5529,26.0555,-0.54436
0.3222,4.4789,26.1554,-0.55367
0.3849,4.4012,26.2552,-0.62289
0.4428,4.3198,26.3551,-0.58617
0.4957,4.2352,26.4549,-0.60143
0.5435,4.1476,26.5547,-0.60897
0.5859,4.0572,26.6545,-0.60995
0.6227,3.9644,26.7543,-0.59767
0.6538,3.8696,26.8541,-0.57861
0.6795,3.7731,26.954,-0.54398
0.6999,3.6754,27.0538,-0.49324
0.7155,3.5768,27.1536,-0.43294
0.7267,3.4776,27.2534,-0.37244
0.7343,3.3781,27.3533,-0.29841
0.7389,3.2783,27.4531,-0.22568
0.7413,3.1785,27.553,-0.16199
0.7421,3.0787,27.6528,-0.10955
0.7417,2.9788,27.7526,-0.06687
